2017,1,/boxscores/201709070nwe.htm
2017,1,/boxscores/201709100det.htm
2017,1,/boxscores/201709100cle.htm
2017,1,/boxscores/201709100cin.htm
2017,1,/boxscores/201709100chi.htm
2017,1,/boxscores/201709100was.htm
2017,1,/boxscores/201709100buf.htm
2017,1,/boxscores/201709100oti.htm
2017,1,/boxscores/201709100htx.htm
2017,1,/boxscores/201709100ram.htm
2017,1,/boxscores/201709100sfo.htm
2017,1,/boxscores/201709100gnb.htm
2017,1,/boxscores/201709100dal.htm
2017,1,/boxscores/201709110min.htm
2017,1,/boxscores/201709110den.htm
2017,2,/boxscores/201709140cin.htm
2017,2,/boxscores/201709170kan.htm
2017,2,/boxscores/201709170jax.htm
2017,2,/boxscores/201709170tam.htm
2017,2,/boxscores/201709170clt.htm
2017,2,/boxscores/201709170car.htm
2017,2,/boxscores/201709170rav.htm
2017,2,/boxscores/201709170pit.htm
2017,2,/boxscores/201709170nor.htm
2017,2,/boxscores/201709170sdg.htm
2017,2,/boxscores/201709170rai.htm
2017,2,/boxscores/201709170den.htm
2017,2,/boxscores/201709170sea.htm
2017,2,/boxscores/201709170ram.htm
2017,2,/boxscores/201709170atl.htm
2017,2,/boxscores/201709180nyg.htm
2017,3,/boxscores/201709210sfo.htm
2017,3,/boxscores/201709240jax.htm
2017,3,/boxscores/201709240det.htm
2017,3,/boxscores/201709240clt.htm
2017,3,/boxscores/201709240chi.htm
2017,3,/boxscores/201709240car.htm
2017,3,/boxscores/201709240phi.htm
2017,3,/boxscores/201709240buf.htm
2017,3,/boxscores/201709240nyj.htm
2017,3,/boxscores/201709240nwe.htm
2017,3,/boxscores/201709240min.htm
2017,3,/boxscores/201709240oti.htm
2017,3,/boxscores/201709240gnb.htm
2017,3,/boxscores/201709240sdg.htm
2017,3,/boxscores/201709240was.htm
2017,3,/boxscores/201709250crd.htm
2017,4,/boxscores/201709280gnb.htm
2017,4,/boxscores/201710010mia.htm
2017,4,/boxscores/201710010htx.htm
2017,4,/boxscores/201710010dal.htm
2017,4,/boxscores/201710010cle.htm
2017,4,/boxscores/201710010atl.htm
2017,4,/boxscores/201710010rav.htm
2017,4,/boxscores/201710010nyj.htm
2017,4,/boxscores/201710010nwe.htm
2017,4,/boxscores/201710010min.htm
2017,4,/boxscores/201710010tam.htm
2017,4,/boxscores/201710010crd.htm
2017,4,/boxscores/201710010sdg.htm
2017,4,/boxscores/201710010den.htm
2017,4,/boxscores/201710010sea.htm
2017,4,/boxscores/201710020kan.htm
2017,5,/boxscores/201710050tam.htm
2017,5,/boxscores/201710080det.htm
2017,5,/boxscores/201710080clt.htm
2017,5,/boxscores/201710080cle.htm
2017,5,/boxscores/201710080cin.htm
2017,5,/boxscores/201710080pit.htm
2017,5,/boxscores/201710080phi.htm
2017,5,/boxscores/201710080nyg.htm
2017,5,/boxscores/201710080mia.htm
2017,5,/boxscores/201710080ram.htm
2017,5,/boxscores/201710080rai.htm
2017,5,/boxscores/201710080dal.htm
2017,5,/boxscores/201710080htx.htm
2017,5,/boxscores/201710090chi.htm
2017,6,/boxscores/201710120car.htm
2017,6,/boxscores/201710150htx.htm
2017,6,/boxscores/201710150was.htm
2017,6,/boxscores/201710150atl.htm
2017,6,/boxscores/201710150rav.htm
2017,6,/boxscores/201710150nyj.htm
2017,6,/boxscores/201710150nor.htm
2017,6,/boxscores/201710150min.htm
2017,6,/boxscores/201710150jax.htm
2017,6,/boxscores/201710150crd.htm
2017,6,/boxscores/201710150kan.htm
2017,6,/boxscores/201710150rai.htm
2017,6,/boxscores/201710150den.htm
2017,6,/boxscores/201710160oti.htm
2017,7,/boxscores/201710190rai.htm
2017,7,/boxscores/201710220mia.htm
2017,7,/boxscores/201710220gnb.htm
2017,7,/boxscores/201710220clt.htm
2017,7,/boxscores/201710220cle.htm
2017,7,/boxscores/201710220chi.htm
2017,7,/boxscores/201710220buf.htm
2017,7,/boxscores/201710220ram.htm
2017,7,/boxscores/201710220min.htm
2017,7,/boxscores/201710220sfo.htm
2017,7,/boxscores/201710220sdg.htm
2017,7,/boxscores/201710220pit.htm
2017,7,/boxscores/201710220nyg.htm
2017,7,/boxscores/201710220nwe.htm
2017,7,/boxscores/201710230phi.htm
2017,8,/boxscores/201710260rav.htm
2017,8,/boxscores/201710290cle.htm
2017,8,/boxscores/201710290nwe.htm
2017,8,/boxscores/201710290nor.htm
2017,8,/boxscores/201710290cin.htm
2017,8,/boxscores/201710290buf.htm
2017,8,/boxscores/201710290tam.htm
2017,8,/boxscores/201710290phi.htm
2017,8,/boxscores/201710290nyj.htm
2017,8,/boxscores/201710290sea.htm
2017,8,/boxscores/201710290was.htm
2017,8,/boxscores/201710290det.htm
2017,8,/boxscores/201710300kan.htm
2017,9,/boxscores/201711020nyj.htm
2017,9,/boxscores/201711050nor.htm
2017,9,/boxscores/201711050jax.htm
2017,9,/boxscores/201711050htx.htm
2017,9,/boxscores/201711050car.htm
2017,9,/boxscores/201711050phi.htm
2017,9,/boxscores/201711050oti.htm
2017,9,/boxscores/201711050nyg.htm
2017,9,/boxscores/201711050sfo.htm
2017,9,/boxscores/201711050sea.htm
2017,9,/boxscores/201711050dal.htm
2017,9,/boxscores/201711050mia.htm
2017,9,/boxscores/201711060gnb.htm
2017,10,/boxscores/201711090crd.htm
2017,10,/boxscores/201711120det.htm
2017,10,/boxscores/201711120clt.htm
2017,10,/boxscores/201711120chi.htm
2017,10,/boxscores/201711120buf.htm
2017,10,/boxscores/201711120was.htm
2017,10,/boxscores/201711120tam.htm
2017,10,/boxscores/201711120oti.htm
2017,10,/boxscores/201711120jax.htm
2017,10,/boxscores/201711120ram.htm
2017,10,/boxscores/201711120atl.htm
2017,10,/boxscores/201711120sfo.htm
2017,10,/boxscores/201711120den.htm
2017,10,/boxscores/201711130car.htm
2017,11,/boxscores/201711160pit.htm
2017,11,/boxscores/201711190htx.htm
2017,11,/boxscores/201711190gnb.htm
2017,11,/boxscores/201711190cle.htm
2017,11,/boxscores/201711190chi.htm
2017,11,/boxscores/201711190nyg.htm
2017,11,/boxscores/201711190nor.htm
2017,11,/boxscores/201711190min.htm
2017,11,/boxscores/201711190mia.htm
2017,11,/boxscores/201711190sdg.htm
2017,11,/boxscores/201711190den.htm
2017,11,/boxscores/201711190rai.htm
2017,11,/boxscores/201711190dal.htm
2017,11,/boxscores/201711200sea.htm
2017,12,/boxscores/201711230det.htm
2017,12,/boxscores/201711230dal.htm
2017,12,/boxscores/201711230was.htm
2017,12,/boxscores/201711260clt.htm
2017,12,/boxscores/201711260cin.htm
2017,12,/boxscores/201711260atl.htm
2017,12,/boxscores/201711260phi.htm
2017,12,/boxscores/201711260nyj.htm
2017,12,/boxscores/201711260nwe.htm
2017,12,/boxscores/201711260kan.htm
2017,12,/boxscores/201711260sfo.htm
2017,12,/boxscores/201711260crd.htm
2017,12,/boxscores/201711260ram.htm
2017,12,/boxscores/201711260rai.htm
2017,12,/boxscores/201711260pit.htm
2017,12,/boxscores/201711270rav.htm
2017,13,/boxscores/201711300dal.htm
2017,13,/boxscores/201712030jax.htm
2017,13,/boxscores/201712030gnb.htm
2017,13,/boxscores/201712030chi.htm
2017,13,/boxscores/201712030buf.htm
2017,13,/boxscores/201712030rav.htm
2017,13,/boxscores/201712030atl.htm
2017,13,/boxscores/201712030oti.htm
2017,13,/boxscores/201712030nyj.htm
2017,13,/boxscores/201712030mia.htm
2017,13,/boxscores/201712030sdg.htm
2017,13,/boxscores/201712030crd.htm
2017,13,/boxscores/201712030rai.htm
2017,13,/boxscores/201712030nor.htm
2017,13,/boxscores/201712030sea.htm
2017,13,/boxscores/201712040cin.htm
2017,14,/boxscores/201712070atl.htm
2017,14,/boxscores/201712100cle.htm
2017,14,/boxscores/201712100tam.htm
2017,14,/boxscores/201712100cin.htm
2017,14,/boxscores/201712100car.htm
2017,14,/boxscores/201712100buf.htm
2017,14,/boxscores/201712100nyg.htm
2017,14,/boxscores/201712100kan.htm
2017,14,/boxscores/201712100htx.htm
2017,14,/boxscores/201712100den.htm
2017,14,/boxscores/201712100crd.htm
2017,14,/boxscores/201712100sdg.htm
2017,14,/boxscores/201712100ram.htm
2017,14,/boxscores/201712100jax.htm
2017,14,/boxscores/201712100pit.htm
2017,14,/boxscores/201712110mia.htm
2017,15,/boxscores/201712140clt.htm
2017,15,/boxscores/201712160det.htm
2017,15,/boxscores/201712160kan.htm
2017,15,/boxscores/201712170jax.htm
2017,15,/boxscores/201712170cle.htm
2017,15,/boxscores/201712170car.htm
2017,15,/boxscores/201712170was.htm
2017,15,/boxscores/201712170buf.htm
2017,15,/boxscores/201712170nyg.htm
2017,15,/boxscores/201712170nor.htm
2017,15,/boxscores/201712170min.htm
2017,15,/boxscores/201712170sea.htm
2017,15,/boxscores/201712170sfo.htm
2017,15,/boxscores/201712170pit.htm
2017,15,/boxscores/201712170rai.htm
2017,15,/boxscores/201712180tam.htm
2017,16,/boxscores/201712230rav.htm
2017,16,/boxscores/201712230gnb.htm
2017,16,/boxscores/201712240cin.htm
2017,16,/boxscores/201712240chi.htm
2017,16,/boxscores/201712240was.htm
2017,16,/boxscores/201712240car.htm
2017,16,/boxscores/201712240oti.htm
2017,16,/boxscores/201712240nyj.htm
2017,16,/boxscores/201712240nwe.htm
2017,16,/boxscores/201712240nor.htm
2017,16,/boxscores/201712240kan.htm
2017,16,/boxscores/201712240sfo.htm
2017,16,/boxscores/201712240dal.htm
2017,16,/boxscores/201712240crd.htm
2017,16,/boxscores/201712250htx.htm
2017,16,/boxscores/201712250phi.htm
2017,17,/boxscores/201712310nwe.htm
2017,17,/boxscores/201712310min.htm
2017,17,/boxscores/201712310det.htm
2017,17,/boxscores/201712310clt.htm
2017,17,/boxscores/201712310pit.htm
2017,17,/boxscores/201712310phi.htm
2017,17,/boxscores/201712310nyg.htm
2017,17,/boxscores/201712310tam.htm
2017,17,/boxscores/201712310mia.htm
2017,17,/boxscores/201712310sea.htm
2017,17,/boxscores/201712310sdg.htm
2017,17,/boxscores/201712310den.htm
2017,17,/boxscores/201712310rav.htm
2017,17,/boxscores/201712310ram.htm
2017,17,/boxscores/201712310atl.htm
2017,17,/boxscores/201712310oti.htm
