player_name,pen,yds
Brandon LaFell,False Start,5
Cedric Ogbuehi,Offensive Holding ,-1
Pat Sims,Encroachment,5
Dre Kirkpatrick,Defensive Holding,5
Ryan Jensen,Offensive Holding,10
C.J. Mosley,Face Mask ,-1
Ronnie Stanley,False Start,5
Giovani Bernard,Face Mask ,-1
Jake Fisher,Offensive Holding,10
Nick Boyle,Offensive Holding,10
Ryan Jensen,Offensive Holding,10
James Hurst,False Start,5
Andrew Billings,Unnecessary Roughness,15
William Jackson,Defensive Pass Interference,7
Nick Vigil,Defensive Holding,5
Chris Moore,Offensive Holding,10
Joe Flacco,Delay of Game,5
Joe Flacco,Delay of Game,5
Brandon Carr,Illegal Use of Hands,5
Jake Fisher,Offensive Holding,10
Ryan Jensen,Offensive Holding ,-1
Brent Urban,Illegal Use of Hands,5
